date,momentum_20,low_vol_20
2024-07-08,0.009086261496243838,-0.006224725127069627
2024-07-09,0.0022348681237460916,0.02258424344168508
2024-07-10,-0.021836523086781644,-0.008621872157033262
2024-07-11,-0.018897730278473166,0.0017506580166740298
2024-07-12,0.0030155273913121893,-0.025955518173108715
2024-07-15,0.0036192082905622813,0.025184273022945382
2024-07-16,-0.027435560768644073,-0.02015093855328529
2024-07-17,-0.0067414288102030165,-0.001741764390792433
2024-07-18,-0.00722058922317929,-0.018461722224270373
2024-07-19,0.0063718833221620835,0.0228200592011835
2024-07-22,0.010336369896704991,0.03238781389610756
2024-07-23,0.008597192685197786,0.008405178922303904
2024-07-24,-0.005624140287970218,0.008632941842818523
2024-07-25,-0.024579495289844547,-0.01012269482951864
2024-07-26,0.00810018556194522,0.025575575850623308
2024-07-29,0.01371342728745592,0.01599794476068106
2024-07-30,-0.013363176619472587,-0.018689841078213032
2024-07-31,0.03356676445395716,0.035932885838781625
2024-08-01,-0.00986804350028286,-0.00544781320392181
2024-08-02,-0.011355253070097895,-0.014528236802716754
2024-08-05,-0.0014082983404237305,0.005465792345326552
2024-08-06,-0.00612799202250894,-0.012897941094011987
2024-08-07,0.002634669665546211,-0.017806550390309317
2024-08-08,0.004400920081360341,0.0018573889228717423
2024-08-09,-0.009637953116057616,-0.0030337797691479085
2024-08-12,-0.015210851941370099,0.014790154085020452
2024-08-13,-0.0014309511871374006,0.002728956531969089
2024-08-14,-0.008066059356026717,0.021861832527402147
2024-08-15,0.008067835908085042,0.002288055333951918
2024-08-16,0.016428604567298465,0.02615998577734683
2024-08-19,-0.007656435830859154,-0.0017267179628043762
2024-08-20,0.0009181744746169579,-3.2232848534500516e-05
2024-08-21,0.018212900557564776,0.005538779183011823
2024-08-22,0.006029303102960022,-0.0037013898701823145
2024-08-23,-0.0023535462831443784,0.006306497699654374
2024-08-26,0.007348901293876212,-0.01706174047073381
2024-08-27,0.01686270205227538,0.03269273509010299
2024-08-28,-0.03852198209458732,-0.008016835526032544
2024-08-29,-0.03585638422252509,-0.020600732437172198
2024-08-30,0.026959077736939126,-0.008487286829286532
2024-09-02,0.0035657403839488124,-0.0052462949386485195
2024-09-03,0.00913763106063656,0.011135620150727946
2024-09-04,0.009975046095318501,0.004969630359017688
2024-09-05,-0.014987482199618605,0.021498119296363208
2024-09-06,-0.004076514274199431,0.013333276798603284
2024-09-09,0.004188831452927166,-0.007291064026095547
2024-09-10,-0.003414239792075683,-0.006369024612872885
2024-09-11,-0.0289274708097249,0.01564958098955107
2024-09-12,-0.021947379389770084,-0.001074739619424947
2024-09-13,-0.017884306174934677,0.0017457370437806937
2024-09-18,0.0035590865656687795,-0.00010140959696967265
2024-09-19,-0.015063363635598456,0.0036787144278731154
2024-09-20,0.009382776182901658,-0.013178576398558793
2024-09-23,0.040898589359007684,0.017389758814104466
2024-09-24,-0.03276624011698018,0.03262537559476164
2024-09-25,0.013360835823908564,-0.04396547929690243
2024-09-26,0.03863899076808954,-0.0050625837795954115
2024-09-27,-0.022150940911977,-0.0014639484998593896
2024-09-30,-0.03410593281315924,-0.01924842598249602
2024-10-08,0.011586293471480833,0.00931504148735035
2024-10-09,0.0038259187589619005,0.002609107354822449
2024-10-10,-0.035334712862731724,0.00515074689376033
2024-10-11,-0.03274312258080931,-0.012439605259948399
2024-10-14,0.018108197868568973,0.012180822271257493
2024-10-15,0.0016183399397751387,-0.0018310762662832039
2024-10-16,-0.0029622996669920318,0.01328590157768942
2024-10-17,0.012344616904000533,0.007729695174717666
2024-10-18,-0.03355822437979036,-0.004842188345029658
2024-10-21,0.040172249815564554,-0.007125115222334921
2024-10-22,0.022248056544857828,-0.01155664695360148
2024-10-23,0.0021620948457150126,0.015578861673077534
2024-10-24,0.009771854683641027,0.010533903375326226
2024-10-25,-0.027172842696366502,-0.02163000466850388
2024-10-28,-0.0030654679000576613,-0.000737794880657467
2024-10-29,0.01602431946988949,0.06394587346987331
2024-10-30,-0.06497860096360454,0.05640131802678689
2024-10-31,0.05003250681245047,0.009536375397734687
2024-11-01,0.006029515518508075,0.009633811976529426
2024-11-04,-0.016762736840227013,0.003008214572314701
2024-11-05,0.016858491342393575,0.016718085921115143
2024-11-06,0.02737976958342861,-0.03274218959803055
2024-11-07,-0.004209211341438323,-0.004218990485134523
2024-11-08,-0.007258871458920399,0.01371384499041719
2024-11-11,0.014873479160795107,0.002978299175797578
2024-11-12,0.0026295284015689225,-0.005892607163949897
2024-11-13,0.04054164473328063,0.019177680241988695
2024-11-14,-0.022416399125970276,-0.008890692443504412
2024-11-15,0.056889545215832026,0.023009248848233948
2024-11-18,0.0009938684340758657,0.007848444549041544
2024-11-19,-0.003166959463752502,-0.005048222321938652
2024-11-20,-0.0015620509420767687,0.007266148235315313
2024-11-21,0.009051388459359322,0.007868529098287133
2024-11-22,-0.004758170347060401,0.00014576026502821637
2024-11-25,-0.004014774264821507,-0.0038030021720846237
2024-11-26,-0.020429473627127416,0.0011704462353809095
2024-11-27,-0.008258456918761474,0.006647247710650505
2024-11-28,0.011748686526354694,-0.0065400035112086466
2024-11-29,0.006406230088923477,-0.0018115923044698485
2024-12-02,0.006568823335791673,0.013309593263827562
2024-12-03,-0.006563220058158792,0.002268022891212048
2024-12-04,-0.004105039251466649,0.014791639358597026
2024-12-05,-0.0007604712705793509,-0.0021517827075473823
2024-12-06,0.0019036022947643543,-0.009907057709426865
2024-12-09,0.012857028431047659,-0.0006145866668976954
2024-12-10,-0.004581317810383488,0.013427523441844969
2024-12-11,0.0039025925641103555,-0.02548650535768609
2024-12-12,-0.015241380363458153,0.012752115887300873
2024-12-13,0.01645433104541217,0.013969121341778338
2024-12-16,-0.017489384851739516,-0.003866632869927389
2024-12-17,0.007207044799212548,0.008666144647803154
2024-12-18,-0.04593385611250211,0.017789553675935436
2024-12-19,0.008815506583456801,-0.0025547868366585145
2024-12-20,-0.007704415389217341,0.01563572332643387
2024-12-23,-0.00110529077199284,0.010012483118924834
2024-12-24,-0.015545404674446811,-0.009334389837913421
2024-12-25,-0.034156681686350616,-0.02258178567720326
2024-12-26,0.01724926304656507,0.005215830037418877
2024-12-27,-0.022603688685755054,0.015491358010164028
2024-12-30,0.008170785300524546,-0.016206287796320273
2024-12-31,-0.00013333333333333334,0.0
